,name,number,facep,tagp
0,IMG_2620.JPG,3638.0,138.99999999999994,347.99999999999994
1,,,210.99999999999994,389.99999999999994
2,,,384.0,441.0
3,,,461.0,517.0
